id,user_id,uid_card_number,role_id,associated_type,avatar_id,user_name,timestamp
1,8035,941294,admin,1,/static/img/avatar1.png,Samuel,2024-12-06 20:36:51
2,3797,165961,user,0,/static/img/avatar8.png,Karen,2024-12-06 20:36:51
3,2164,747405,guest,1,/static/img/avatar1.png,Ursula,2024-12-06 20:36:51
4,9725,872918,guest,1,/static/img/avatar3.png,Paul,2024-12-06 20:36:51
5,2614,862766,guest,1,/static/img/avatar6.png,George,2024-12-06 20:36:51
6,1843,218473,user,1,/static/img/avatar9.png,Mia,2024-12-06 20:36:51
7,8369,162675,guest,0,/static/img/avatar7.png,George,2024-12-06 20:36:51
8,1923,930540,user,1,/static/img/avatar8.png,Hannah,2024-12-06 20:36:51
9,9593,819479,guest,1,/static/img/avatar3.png,Hannah,2024-12-06 20:36:51
10,2532,680723,guest,1,/static/img/avatar5.png,Ursula,2024-12-06 20:36:51
11,4074,983866,guest,0,/static/img/avatar4.png,Wendy,2024-12-06 20:36:51
12,7735,352831,guest,1,/static/img/avatar7.png,Jack,2024-12-06 20:36:51
13,2494,349789,guest,1,/static/img/avatar4.png,Karen,2024-12-06 20:36:51
14,4184,274155,admin,1,/static/img/avatar3.png,Olivia,2024-12-06 20:36:51
15,8194,722450,guest,0,/static/img/avatar4.png,Nathan,2024-12-06 20:36:51
16,2640,541951,guest,0,/static/img/avatar1.png,George,2024-12-06 20:36:51
17,6372,991910,admin,0,/static/img/avatar8.png,Quincy,2024-12-06 20:36:51
18,4400,319280,guest,0,/static/img/avatar6.png,Charlie,2024-12-06 20:36:51
19,8172,413442,guest,1,/static/img/avatar4.png,George,2024-12-06 20:36:51
20,7765,970917,user,0,/static/img/avatar8.png,Zane,2024-12-06 20:36:51
21,5331,211506,user,1,/static/img/avatar4.png,Alice,2024-12-06 20:36:51
22,9488,950844,user,0,/static/img/avatar7.png,Victor,2024-12-06 20:36:51
23,4115,519736,guest,0,/static/img/avatar9.png,Olivia,2024-12-06 20:36:51
24,3157,757894,user,1,/static/img/avatar5.png,Xander,2024-12-06 20:36:51
25,3818,335684,admin,0,/static/img/avatar4.png,Edward,2024-12-06 20:36:51
26,6594,927583,guest,1,/static/img/avatar1.png,Hannah,2024-12-06 20:36:51
27,4311,453008,guest,0,/static/img/avatar9.png,Zane,2024-12-06 20:36:51
28,4847,416228,admin,0,/static/img/avatar4.png,Charlie,2024-12-06 20:36:51
29,2531,490046,guest,1,/static/img/avatar7.png,Alice,2024-12-06 20:36:51
30,5736,122301,guest,1,/static/img/avatar7.png,Karen,2024-12-06 20:36:51
31,8982,186626,guest,1,/static/img/avatar1.png,Olivia,2024-12-06 20:36:51
32,4821,554480,user,0,/static/img/avatar7.png,Ursula,2024-12-06 20:36:51
33,8920,362819,guest,0,/static/img/avatar8.png,Edward,2024-12-06 20:36:51
34,3469,995798,admin,0,/static/img/avatar6.png,Samuel,2024-12-06 20:36:51
35,9041,215240,user,1,/static/img/avatar3.png,Jack,2024-12-06 20:36:51
36,6990,617575,admin,0,/static/img/avatar7.png,Jack,2024-12-06 20:36:51
37,1951,958028,user,0,/static/img/avatar1.png,Tina,2024-12-06 20:36:51
38,4106,259961,user,1,/static/img/avatar7.png,George,2024-12-06 20:36:51
39,2771,212818,guest,0,/static/img/avatar9.png,Quincy,2024-12-06 20:36:51
40,4907,716622,guest,0,/static/img/avatar7.png,George,2024-12-06 20:36:51
41,7025,841106,guest,0,/static/img/avatar8.png,Olivia,2024-12-06 20:36:51
42,9406,573732,user,1,/static/img/avatar1.png,Ursula,2024-12-06 20:36:51
43,7266,521716,user,0,/static/img/avatar2.png,Fiona,2024-12-06 20:36:51
44,9278,173667,admin,0,/static/img/avatar3.png,Ursula,2024-12-06 20:36:51
45,3465,649220,admin,1,/static/img/avatar1.png,Olivia,2024-12-06 20:36:51
46,3936,283777,user,1,/static/img/avatar7.png,Edward,2024-12-06 20:36:51
47,9968,669265,admin,1,/static/img/avatar6.png,Rachel,2024-12-06 20:36:51
48,4940,620416,admin,1,/static/img/avatar3.png,Jack,2024-12-06 20:36:51
49,1827,326401,guest,1,/static/img/avatar1.png,Nathan,2024-12-06 20:36:51
50,2467,339710,admin,1,/static/img/avatar5.png,Ursula,2024-12-06 20:36:51
51,6195,340947,guest,1,/static/img/avatar3.png,Karen,2024-12-06 20:36:51
52,9902,764126,user,0,/static/img/avatar8.png,Liam,2024-12-06 20:36:51
53,4945,128396,guest,0,/static/img/avatar8.png,Mia,2024-12-06 20:36:51
54,8646,450288,guest,1,/static/img/avatar3.png,Isabel,2024-12-06 20:36:51
55,5388,531259,admin,1,/static/img/avatar4.png,Wendy,2024-12-06 20:36:51
56,4440,699811,admin,1,/static/img/avatar6.png,Ursula,2024-12-06 20:36:51
57,1109,650916,guest,0,/static/img/avatar1.png,Mia,2024-12-06 20:36:51
58,2590,715779,guest,0,/static/img/avatar9.png,Fiona,2024-12-06 20:36:51
59,4974,478125,user,1,/static/img/avatar5.png,Alice,2024-12-06 20:36:51
60,2746,483802,admin,1,/static/img/avatar9.png,Wendy,2024-12-06 20:36:51
61,6046,319250,guest,1,/static/img/avatar2.png,George,2024-12-06 20:36:51
62,9960,102144,user,0,/static/img/avatar5.png,Nathan,2024-12-06 20:36:51
63,5873,789828,user,1,/static/img/avatar1.png,Zane,2024-12-06 20:36:51
64,6656,754083,user,0,/static/img/avatar8.png,Wendy,2024-12-06 20:36:51
65,3215,433242,user,0,/static/img/avatar9.png,Alice,2024-12-06 20:36:51
66,8929,244012,user,0,/static/img/avatar7.png,Jack,2024-12-06 20:36:51
67,6978,180714,admin,1,/static/img/avatar6.png,Nathan,2024-12-06 20:36:51
68,6881,213490,guest,1,/static/img/avatar5.png,Xander,2024-12-06 20:36:51
69,4610,394241,admin,0,/static/img/avatar4.png,Charlie,2024-12-06 20:36:51
70,6207,756221,guest,1,/static/img/avatar3.png,Jack,2024-12-06 20:36:51
71,9073,931459,admin,1,/static/img/avatar1.png,Fiona,2024-12-06 20:36:51
72,7670,687859,guest,1,/static/img/avatar3.png,Ursula,2024-12-06 20:36:51
73,4634,112381,user,1,/static/img/avatar7.png,Fiona,2024-12-06 20:36:51
74,2269,693754,user,1,/static/img/avatar2.png,Isabel,2024-12-06 20:36:51
75,5774,880715,user,0,/static/img/avatar8.png,Fiona,2024-12-06 20:36:51
76,5231,673215,user,0,/static/img/avatar7.png,Xander,2024-12-06 20:36:51
77,8736,146865,admin,1,/static/img/avatar2.png,Bob,2024-12-06 20:36:51
78,8619,411243,guest,1,/static/img/avatar6.png,Edward,2024-12-06 20:36:51
79,6813,443878,guest,1,/static/img/avatar2.png,Alice,2024-12-06 20:36:51
80,8781,358222,admin,0,/static/img/avatar7.png,Xander,2024-12-06 20:36:51
81,1227,110026,admin,1,/static/img/avatar3.png,Samuel,2024-12-06 20:36:51
82,6643,688056,admin,0,/static/img/avatar9.png,Bob,2024-12-06 20:36:51
83,2202,117301,admin,1,/static/img/avatar8.png,Diana,2024-12-06 20:36:51
84,8510,677151,admin,1,/static/img/avatar7.png,Hannah,2024-12-06 20:36:51
85,2897,125938,user,1,/static/img/avatar9.png,Fiona,2024-12-06 20:36:51
86,5974,754151,user,1,/static/img/avatar7.png,Victor,2024-12-06 20:36:51
87,6786,585173,user,0,/static/img/avatar9.png,Diana,2024-12-06 20:36:51
88,4230,996731,admin,0,/static/img/avatar5.png,Samuel,2024-12-06 20:36:51
89,6827,994954,guest,0,/static/img/avatar1.png,Quincy,2024-12-06 20:36:51
90,5180,642356,user,0,/static/img/avatar2.png,Jack,2024-12-06 20:36:51
91,2767,234874,guest,1,/static/img/avatar5.png,Zane,2024-12-06 20:36:51
92,4106,972639,user,1,/static/img/avatar4.png,Olivia,2024-12-06 20:36:51
93,7435,553023,admin,1,/static/img/avatar4.png,Tina,2024-12-06 20:36:51
94,3053,851658,guest,1,/static/img/avatar5.png,Victor,2024-12-06 20:36:51
95,3957,654940,user,1,/static/img/avatar7.png,Alice,2024-12-06 20:36:51
96,7555,985850,guest,0,/static/img/avatar8.png,Diana,2024-12-06 20:36:51
97,2154,962251,guest,1,/static/img/avatar4.png,Jack,2024-12-06 20:36:51
98,2955,304479,admin,1,/static/img/avatar9.png,Paco,2024-12-06 20:36:51
99,1617,999141,user,1,/static/img/avatar4.png,Xander,2024-12-06 20:36:51
100,4630,379952,admin,1,/static/img/avatar3.png,Edward,2024-12-06 20:36:51
